Модель;Старая цена;Новая цена -15%
Аляска Нарвик;47900;40710
Пуховая аляска Ставангер;63900;54310
Аляска Тромсо;40900;34760
Аляска Нарвик;44900;38160
Куртка Рускеала;47900;40710
Куртка Котлин;35900;30510
Куртка Туутари;30900;26260
Пуховик Драммен;63900;54310
Пуховик Скиен;45900;39010
Парка Скиен;40900;34760
Куртка Вуокса;35900;30510
Куртка Монферрана;45900;39010
Куртка Игора;33900;28810
Парка Карелия;35900;30510
Аляска Ставангер;49900;42410
Бомбер Хамар;37900;32210
Куртка Кронштадт;27900;23710
Парка Тонсберг;21900;18610
Парка Альта;24900;21160
Куртка Монрепо;26900;22860
Куртка Оланга;28900;24560
Пуховик Аскер;19900;16910
Бомбер Ларвик;19900;16910
Жилет Кареджи;8900;7560
Пуховик Лиллестром;19900;16910
Ветровка Аккала;20900;17760
Куртка Комарово;21900;18610
Ветровка Репино;22900;19460
Ветровка Миэлиси;22900;19460
Ветровка Охта;18900;16060
Куртка Выборг;29900;25410
Бомбер Котлас;НЕ НАЙДЕНА (HTTP 404);—
Косуха Ладога;19900;16910
