?????? ? ??????? ???????,,,,,,,? ?????????? ??????,,,,,,,,,,,,,,
,,,,,,,,,,,,,,,,,,,,,
,,,,,,,,,,,,,,,,,,,,,
????,?????,???,ORG Total,PAID Total,Total,ORG UAE,PAID UAE,Total UAE,ORG KSA,PAID KSA,Total KSA,ORG QA,PAID QA,Total QA,ORG KW,PAID KW,Total KW,ORG OM,PAID OM,Total OM,???????1
Mon 01/09/2025,9,"2,025","3,387","5,170","8,557",1646,1478,"3,124",1372,2048,"3,420",369,1644,"2,013",,,0,,,0,
Tue 02/09/2025,9,"2,025","2,232","4,312","6,544",1376,1434,"2,810",604,1641,"2,245",252,1237,"1,489",,,0,,,0,
Wed 03/09/2025,9,"2,025","2,427","6,261","8,688",1363,1400,"2,763",750,2992,"3,742",314,1869,"2,183",,,0,,,0,
Thu 04/09/2025,9,"2,025","2,019","5,021","7,040",1208,1514,"2,722",542,1857,"2,399",269,1650,"1,919",,,0,,,0,
Fri 05/09/2025,9,"2,025","2,296","4,977","7,273",1527,1600,"3,127",483,1839,"2,322",286,1538,"1,824",,,0,,,0,
Sat 06/09/2025,9,"2,025","2,334","3,431","5,765",1748,1398,"3,146",417,1196,"1,613",169,837,"1,006",,,0,,,0,
Sun 07/09/2025,9,"2,025","2,255","4,466","6,721",1544,1512,"3,056",445,1628,"2,073",266,1326,"1,592",,,0,,,0,
Mon 08/09/2025,9,"2,025","1,799","2,911","4,710",1376,1224,"2,600",290,1023,"1,313",133,664,797,,,0,,,0,
Tue 09/09/2025,9,"2,025","1,930","2,469","4,399",1532,1259,"2,791",244,657,901,154,553,707,,,0,,,0,
Wed 10/09/2025,9,"2,025","1,532","1,800","3,332",1232,1032,"2,264",220,415,635,80,353,433,,,0,,,0,
Thu 11/09/2025,9,"2,025","1,792","2,147","3,939",1452,1156,"2,608",240,544,784,100,447,547,,,0,,,0,
Fri 12/09/2025,9,"2,025","1,619","2,614","4,233",1307,1572,"2,879",214,653,867,98,389,487,,,0,,,0,
Sat 13/09/2025,9,"2,025","1,962","2,791","4,753",1517,1672,"3,189",319,702,"1,021",126,417,543,,,0,,,0,
Sun 14/09/2025,9,"2,025","2,897","3,139","6,036",2378,1747,"4,125",391,900,"1,291",128,492,620,,,0,,,0,
Mon 15/09/2025,9,"2,025","1,774","2,442","4,216",1422,1393,"2,815",232,627,859,120,422,542,,,0,,,0,
Tue 16/09/2025,9,"2,025","1,645","2,596","4,241",1261,1458,"2,719",277,719,996,107,419,526,,,0,,,0,
Wed 17/09/2025,9,"2,025","1,599","2,409","4,008",1243,1409,"2,652",252,531,783,104,469,573,,,0,,,0,
Thu 18/09/2025,9,"2,025","2,050","2,592","4,642",1549,1328,"2,877",394,860,"1,254",107,404,511,,,0,,,0,
Fri 19/09/2025,9,"2,025","2,360","2,684","5,044",1880,1496,"3,376",366,787,"1,153",114,401,515,,,0,,,0,
Sat 20/09/2025,9,"2,025","2,001","2,463","4,464",1475,1431,"2,906",424,758,"1,182",102,274,376,,,0,,,0,
Sun 21/09/2025,9,"2,025","1,858","2,365","4,223",1402,1463,"2,865",355,620,975,101,282,383,,,0,,,0,
Mon 22/09/2025,9,"2,025","1,600","2,107","3,707",1257,1280,"2,537",263,580,843,80,247,327,,,0,,,0,
Tue 23/09/2025,9,"2,025","1,635","1,911","3,546",1260,1050,"2,310",315,600,915,60,261,321,,,0,,,0,
Wed 24/09/2025,9,"2,025","2,037","2,034","4,071",1523,1072,"2,595",390,632,"1,022",124,330,454,,,0,,,0,
Thu 25/09/2025,9,"2,025","1,719","1,823","3,542",1349,1118,"2,467",282,446,728,88,259,347,,,0,,,0,
Fri 26/09/2025,9,"2,025","1,882","1,739","3,621",1446,1117,"2,563",350,459,809,86,163,249,,,0,,,0,
Sat 27/09/2025,9,"2,025","1,841","1,964","3,805",1507,1336,"2,843",279,594,873,55,34,89,,,0,,,0,
Sun 28/09/2025,9,"2,025","2,037","2,234","4,271",1760,1410,"3,170",232,806,"1,038",45,18,63,,,0,,,0,
Mon 29/09/2025,9,"2,025","1,810","1,960","3,770",1558,1302,"2,860",195,646,841,57,12,69,,,0,,,0,
Tue 30/09/2025,9,"2,025","2,128","2,804","4,932",1619,1300,"2,919",422,1461,"1,883",87,43,130,,,0,,,0,
Wed 01/10/2025,10,"2,025","2,546","2,880","5,426",1692,1433,"3,125",703,1363,"2,066",151,84,235,,,0,,,0,
Thu 02/10/2025,10,"2,025","2,054","2,095","4,149",1628,1049,"2,677",378,1025,"1,403",48,21,69,,,0,,,0,
Fri 03/10/2025,10,"2,025","2,190","1,366","3,556",1878,1230,"3,108",306,131,437,6,5,11,,,0,,,0,
Sat 04/10/2025,10,"2,025","2,293","1,628","3,921",1976,1430,"3,406",301,198,499,16,,16,,,0,,,0,
Sun 05/10/2025,10,"2,025","3,120","1,538","4,658",2683,1229,"3,912",274,184,458,163,125,288,,,0,,,0,
Mon 06/10/2025,10,"2,025","3,015","2,077","5,092",2231,1192,"3,423",473,606,"1,079",236,279,515,64,,64,11,,11,
Tue 07/10/2025,10,"2,025","3,816","1,865","5,681",2653,917,"3,570",694,609,"1,303",248,339,587,192,,192,29,,29,
Wed 08/10/2025,10,"2,025","2,992","2,263","5,255",2199,1130,"3,329",525,668,"1,193",148,465,613,89,,89,31,,31,
Thu 09/10/2025,10,"2,025","3,109","2,402","5,511",2469,1119,"3,588",391,722,"1,113",110,561,671,108,,108,31,,31,
Fri 10/10/2025,10,"2,025","3,654","2,536","6,190",2499,1196,"3,695",461,784,"1,245",188,556,744,307,,307,199,,199,
Sat 11/10/2025,10,"2,025","3,691","2,615","6,306",2897,1361,"4,258",390,770,"1,160",163,484,647,129,,129,112,,112,
Sun 12/10/2025,10,"2,025","4,241","2,842","7,083",3384,1429,"4,813",535,1009,"1,544",166,404,570,123,,123,33,,33,
Mon 13/10/2025,10,"2,025","2,805","2,033","4,838",2045,1170,"3,215",451,656,"1,107",125,207,332,139,,139,45,,45,
Tue 14/10/2025,10,"2,025","2,691",913,"3,604",2075,692,"2,767",292,195,487,106,26,132,183,,183,35,,35,
Wed 15/10/2025,10,"2,025","3,248","1,261","4,509",2227,812,"3,039",323,427,750,543,22,565,106,,106,49,,49,
Thu 16/10/2025,10,"2,025","3,842","1,321","5,163",2463,930,"3,393",339,344,683,860,47,907,118,,118,62,,62,
Fri 17/10/2025,10,"2,025","3,998","2,638","6,636",2489,1411,"3,900",592,406,998,422,119,541,347,265,612,148,437,585,
Sat 18/10/2025,10,"2,025","4,051","3,021","7,072",2489,1446,"3,935",605,494,"1,099",229,160,389,580,262,842,148,659,807,
Sun 19/10/2025,10,"2,025","3,877","3,161","7,038",2826,1418,"4,244",431,472,903,178,271,449,270,205,475,172,795,967,
Mon 20/10/2025,10,"2,025","3,060","2,675","5,735",2236,1113,"3,349",358,366,724,151,282,433,178,119,297,137,795,932,
Tue 21/10/2025,10,"2,025","2,745","2,582","5,327",2128,1012,"3,140",264,509,773,124,337,461,130,153,283,99,571,670,
Wed 22/10/2025,10,"2,025","2,493","2,621","5,114",1922,944,"2,866",262,533,795,108,401,509,122,160,282,79,583,662,
Thu 23/10/2025,10,"2,025","2,809","2,496","5,305",2149,1100,"3,249",337,445,782,135,322,457,119,253,372,69,376,445,
Fri 24/10/2025,10,"2,025","2,777","2,848","5,625",2114,1146,"3,260",278,422,700,129,351,480,148,324,472,108,605,713,
Sat 25/10/2025,10,"2,025","3,057","2,732","5,789",2395,1184,"3,579",334,469,803,134,298,432,111,221,332,83,560,643,
Sun 26/10/2025,10,"2,025","2,955","2,663","5,618",2312,1130,"3,442",293,387,680,129,308,437,136,272,408,85,566,651,
Mon 27/10/2025,10,"2,025","2,862","2,640","5,502",2154,982,"3,136",255,428,683,129,356,485,222,347,569,102,527,629,
Tue 28/10/2025,10,"2,025","3,071","2,398","5,469",2480,1055,"3,535",241,276,517,130,237,367,131,263,394,89,567,656,
Wed 29/10/2025,10,"2,025","2,966","2,210","5,176",2437,902,"3,339",243,251,494,108,259,367,96,255,351,82,543,625,
Thu 30/10/2025,10,"2,025","2,625","2,364","4,989",2137,845,"2,982",231,334,565,110,308,418,110,366,476,37,511,548,
Fri 31/10/2025,10,"2,025","2,653","2,028","4,681",2041,771,"2,812",334,336,670,124,260,384,116,292,408,38,369,407,
Sat 01/11/2025,11,"2,025","2,445","2,076","4,521",1976,707,"2,683",228,363,591,103,293,396,100,324,424,38,389,427,
Sun 02/11/2025,11,"2,025","2,946","2,043","4,989",2453,806,"3,259",260,327,587,112,300,412,85,274,359,36,336,372,
Mon 03/11/2025,11,"2,025","2,663","1,951","4,614",2215,735,"2,950",261,347,608,97,308,405,60,192,252,30,369,399,
Tue 04/11/2025,11,"2,025","2,571","1,753","4,324",2135,778,"2,913",208,218,426,93,236,329,89,180,269,46,341,387,
Wed 05/11/2025,11,"2,025","2,582","1,827","4,409",2127,687,"2,814",208,269,477,83,202,285,81,175,256,83,494,577,
Thu 06/11/2025,11,"2,025","2,628","2,153","4,781",2091,711,"2,802",243,324,567,95,224,319,108,213,321,91,681,772,
Fri 07/11/2025,11,"2,025","2,966","1,809","4,775",2283,501,"2,784",278,298,576,105,199,304,161,187,348,139,624,763,
Sat 08/11/2025,11,"2,025","3,100","1,509","4,609",2187,437,"2,624",262,249,511,88,198,286,338,159,497,225,466,691,
Sun 09/11/2025,11,"2,025","2,779","1,713","4,492",2164,518,"2,682",216,325,541,105,186,291,154,192,346,140,492,632,
Mon 10/11/2025,11,"2,025","2,757","1,697","4,454",2284,511,"2,795",227,301,528,96,269,365,105,206,311,45,410,455,
Tue 11/11/2025,11,"2,025","3,591","1,703","5,294",3079,522,"3,601",269,324,593,78,222,300,94,213,307,71,422,493,
Wed 12/11/2025,11,"2,025","3,062","1,875","4,937",2474,810,"3,284",196,288,484,89,223,312,196,192,388,107,362,469,
Thu 13/11/2025,11,"2,025","2,824","1,249","4,073",2223,502,"2,725",223,206,429,79,139,218,183,152,335,116,250,366,
Fri 14/11/2025,11,"2,025","2,913",831,"3,744",2397,743,"3,140",267,50,317,75,18,93,109,13,122,65,7,72,
Sat 15/11/2025,11,"2,025","3,028","1,416","4,444",2462,972,"3,434",299,196,495,105,57,162,118,130,248,44,61,105,
Sun 16/11/2025,11,"2,025","3,153","1,841","4,994",2534,1031,"3,565",302,345,647,141,119,260,135,264,399,41,82,123,
Mon 17/11/2025,11,"2,025","3,067","1,579","4,646",2409,842,"3,251",324,370,694,141,104,245,156,183,339,37,80,117,
Tue 18/11/2025,11,"2,025","3,397","1,576","4,973",2403,765,"3,168",574,383,957,187,120,307,187,209,396,46,99,145,
Wed 19/11/2025,11,"2,025","3,059","1,349","4,408",2177,685,"2,862",532,324,856,145,87,232,157,173,330,48,80,128,
Thu 20/11/2025,11,"2,025","2,965","1,315","4,280",2335,742,"3,077",299,260,559,104,86,190,196,169,365,31,58,89,
Fri 21/11/2025,11,"2,025","3,119","1,500","4,619",2493,868,"3,361",322,303,625,116,88,204,155,161,316,33,80,113,
Sat 22/11/2025,11,"2,025","3,079","1,330","4,409",2444,787,"3,231",339,236,575,109,90,199,145,137,282,42,80,122,
Sun 23/11/2025,11,"2,025","3,222","1,253","4,475",2650,551,"3,201",313,326,639,100,116,216,118,187,305,41,73,114,
Mon 24/11/2025,11,"2,025","2,883","1,246","4,129",2288,735,"3,023",307,248,555,134,93,227,106,116,222,48,54,102,
Tue 25/11/2025,11,"2,025","3,132","1,246","4,378",2609,732,"3,341",280,258,538,114,104,218,99,113,212,30,39,69,
Wed 26/11/2025,11,"2,025","3,201","1,720","4,921",2459,589,"3,048",364,170,534,149,284,433,162,411,573,67,266,333,
Thu 27/11/2025,11,"2,025","3,471","1,867","5,338",2782,569,"3,351",346,134,480,126,274,400,147,461,608,70,429,499,
Fri 28/11/2025,11,"2,025","7,120","4,897","12,017",5726,2947,"8,673",690,565,"1,255",345,372,717,259,552,811,100,461,561,
Sat 29/11/2025,11,"2,025","5,981","4,798","10,779",4858,2251,"7,109",581,612,"1,193",235,433,668,181,429,610,126,1073,"1,199",
Sun 30/11/2025,11,"2,025","5,531","4,028","9,559",3724,2009,"5,733",1332,569,"1,901",226,507,733,176,362,538,73,581,654,
Mon 01/12/2025,12,"2,025","5,295","3,781","9,076",3274,1816,"5,090",1591,528,"2,119",234,566,800,126,281,407,70,590,660,
Tue 02/12/2025,12,"2,025","5,153","4,565","9,718",3176,1954,"5,130",1537,691,"2,228",207,861,"1,068",167,556,723,66,503,569,
Wed 03/12/2025,12,"2,025","4,081","4,943","9,024",2967,1853,"4,820",705,1001,"1,706",220,870,"1,090",146,647,793,43,572,615,
Thu 04/12/2025,12,"2,025","3,491",941,"4,432",2788,780,"3,568",438,94,532,128,28,156,103,35,138,34,4,38,
Fri 05/12/2025,12,"2,025","3,026",891,"3,917",2447,785,"3,232",383,58,441,95,18,113,76,25,101,25,5,30,
Sat 06/12/2025,12,"2,025","3,227","1,649","4,876",2543,1010,"3,553",424,257,681,125,102,227,100,163,263,35,117,152,
Sun 07/12/2025,12,"2,025","4,335","3,897","8,232",3188,1268,"4,456",697,966,"1,663",151,313,464,151,301,452,148,1049,"1,197",
Mon 08/12/2025,12,"2,025","3,410","4,213","7,623",2560,1245,"3,805",441,1030,"1,471",142,520,662,163,565,728,104,853,957,
Tue 09/12/2025,12,"2,025","3,397","3,335","6,732",2689,1059,"3,748",360,776,"1,136",120,303,423,143,349,492,85,848,933,
Wed 10/12/2025,12,"2,025","3,261","3,044","6,305",2616,856,"3,472",346,696,"1,042",107,384,491,123,451,574,69,657,726,
Thu 11/12/2025,12,"2,025","3,455","2,738","6,193",2661,819,"3,480",434,699,"1,133",182,350,532,125,420,545,53,450,503,
Fri 12/12/2025,12,"2,025","2,768","2,513","5,281",2217,820,"3,037",321,555,876,105,315,420,76,357,433,49,466,515,
Sat 13/12/2025,12,"2,025","3,039","2,644","5,683",2405,828,"3,233",314,499,813,111,270,381,115,420,535,94,627,721,
Sun 14/12/2025,12,"2,025","3,360","2,891","6,251",2636,964,"3,600",382,664,"1,046",94,301,395,137,429,566,111,533,644,
Mon 15/12/2025,12,"2,025","3,111","2,779","5,890",2462,875,"3,337",313,781,"1,094",118,293,411,125,386,511,93,444,537,
Tue 16/12/2025,12,"2,025","3,343","2,603","5,946",2646,732,"3,378",297,657,954,154,336,490,92,344,436,154,534,688,
Wed 17/12/2025,12,"2,025","3,680","2,944","6,624",2769,721,"3,490",454,773,"1,227",133,403,536,145,426,571,179,621,800,
Thu 18/12/2025,12,"2,025","5,241","2,707","7,948",4228,824,"5,052",502,734,"1,236",157,268,425,181,349,530,173,532,705,
Fri 19/12/2025,12,"2,025","3,662","2,844","6,506",2796,822,"3,618",468,823,"1,291",139,277,416,97,344,441,162,578,740,
Sat 20/12/2025,12,"2,025","3,097","2,568","5,665",2322,873,"3,195",388,574,962,131,253,384,130,302,432,126,566,692,
Sun 21/12/2025,12,"2,025","3,335","2,667","6,002",2586,989,"3,575",359,611,970,127,331,458,130,301,431,133,435,568,
Mon 22/12/2025,12,"2,025","3,314","2,477","5,791",2667,1011,"3,678",318,583,901,118,278,396,105,244,349,106,361,467,
Tue 23/12/2025,12,"2,025","3,359","2,588","5,947",2586,977,"3,563",418,681,"1,099",145,304,449,85,228,313,125,398,523,
Wed 24/12/2025,12,"2,025","2,951","2,035","4,986",2337,914,"3,251",386,364,750,93,210,303,59,189,248,76,358,434,
Thu 25/12/2025,12,"2,025","2,977","2,037","5,014",2493,914,"3,407",262,343,605,103,215,318,70,195,265,49,370,419,
Fri 26/12/2025,12,"2,025","4,939","4,478","9,417",4184,3450,"7,634",437,544,981,149,217,366,129,177,306,40,90,130,
Sat 27/12/2025,12,"2,025","4,769","5,237","10,006",3871,3341,"7,212",496,824,"1,320",196,361,557,137,327,464,69,384,453,
Sun 28/12/2025,12,"2,025","5,459","5,019","10,478",3914,2995,"6,909",420,646,"1,066",957,280,"1,237",96,366,462,72,732,804,
Mon 29/12/2025,12,"2,025","4,360","3,881","8,241",3622,2538,"6,160",363,476,839,245,202,447,78,228,306,52,437,489,
Tue 30/12/2025,12,"2,025","3,976","3,636","7,612",3321,2238,"5,559",351,415,766,123,232,355,108,188,296,73,563,636,
Wed 31/12/2025,12,"2,025","3,293","3,632","6,925",2613,1927,"4,540",378,476,854,110,362,472,139,258,397,53,609,662,
Thu 01/01/2026,1,"2,026","3,319","4,406","7,725",2766,2082,"4,848",290,672,962,100,434,534,103,596,699,60,622,682,
Fri 02/01/2026,1,"2,026","3,785","4,341","8,126",3156,2160,"5,316",328,610,938,121,410,531,94,338,432,86,823,909,
Sat 03/01/2026,1,"2,026","3,552","4,494","8,046",2930,2049,"4,979",336,720,"1,056",115,397,512,85,417,502,86,911,997,
Sun 04/01/2026,1,"2,026","6,513","5,294","11,807",3254,2100,"5,354",2696,1108,"3,804",170,543,713,302,619,921,91,924,"1,015",
Mon 05/01/2026,1,"2,026","11,873","4,904","16,777",4119,1841,"5,960",6299,1069,"7,368",468,518,986,840,555,"1,395",147,921,"1,068",
Tue 06/01/2026,1,"2,026","6,003","4,447","10,450",3200,1798,"4,998",2156,773,"2,929",223,448,671,320,512,832,104,916,"1,020",
Wed 07/01/2026,1,"2,026","4,337","3,653","7,990",2883,1596,"4,479",1083,642,"1,725",143,338,481,153,317,470,75,760,835,
Thu 08/01/2026,1,"2,026","4,129","3,277","7,406",3051,1556,"4,607",806,522,"1,328",87,259,346,122,255,377,63,685,748,
Fri 09/01/2026,1,"2,026","3,721","2,817","6,538",2781,1232,"4,013",699,477,"1,176",114,258,372,79,242,321,48,608,656,
Sat 10/01/2026,1,"2,026","3,668","2,687","6,355",2777,1220,"3,997",624,525,"1,149",111,278,389,118,295,413,38,369,407,
Sun 11/01/2026,1,"2,026","3,639","3,413","7,052",2897,1679,"4,576",511,503,"1,014",92,379,471,105,334,439,34,518,552,
Mon 12/01/2026,1,"2,026","3,655","3,094","6,749",2873,1236,"4,109",557,666,"1,223",84,273,357,103,337,440,38,582,620,
Tue 13/01/2026,1,"2,026","3,973","3,129","7,102",3012,1308,"4,320",664,628,"1,292",102,265,367,137,378,515,58,550,608,
Wed 14/01/2026,1,"2,026","3,916","3,690","7,606",2976,1355,"4,331",639,792,"1,431",119,342,461,108,458,566,74,743,817,
Thu 15/01/2026,1,"2,026","3,870","3,308","7,178",3104,1341,"4,445",489,641,"1,130",129,315,444,92,405,497,56,606,662,
Fri 16/01/2026,1,"2,026","3,984","3,297","7,281",2945,1738,"4,683",690,545,"1,235",162,328,490,109,241,350,78,445,523,
Sat 17/01/2026,1,"2,026","4,112","3,841","7,953",3181,2031,"5,212",632,670,"1,302",132,376,508,115,325,440,52,439,491,
Sun 18/01/2026,1,"2,026","4,396","5,265","9,661",3555,2969,"6,524",541,664,"1,205",131,557,688,121,367,488,48,708,756,
Mon 19/01/2026,1,"2,026","3,872","4,786","8,658",2953,2822,"5,775",607,562,"1,169",149,454,603,117,355,472,46,593,639,
Tue 20/01/2026,1,"2,026","4,047","4,411","8,458",2967,1976,"4,943",732,888,"1,620",148,600,748,150,408,558,50,539,589,
Wed 21/01/2026,1,"2,026","4,076","4,116","8,192",2970,2131,"5,101",640,662,"1,302",134,592,726,286,303,589,46,428,474,
Thu 22/01/2026,1,"2,026","3,895","3,705","7,600",3014,1965,"4,979",613,524,"1,137",120,567,687,113,239,352,35,410,445,
Fri 23/01/2026,1,"2,026","4,134","3,404","7,538",2895,1807,"4,702",905,413,"1,318",156,469,625,135,190,325,43,525,568,
Sat 24/01/2026,1,"2,026","4,557","3,590","8,147",3379,1672,"5,051",869,575,"1,444",121,494,615,141,323,464,47,526,573,
Sun 25/01/2026,1,"2,026","4,245","4,175","8,420",3165,2179,"5,344",751,665,"1,416",132,521,653,138,322,460,59,488,547,
Mon 26/01/2026,1,"2,026","3,760","3,757","7,517",2900,1848,"4,748",589,632,"1,221",129,445,574,99,291,390,43,541,584,
Tue 27/01/2026,1,"2,026","3,517","3,446","6,963",2665,1596,"4,261",582,572,"1,154",135,417,552,87,293,380,48,568,616,
Wed 28/01/2026,1,"2,026","3,657","3,354","7,011",2696,1461,"4,157",694,558,"1,252",115,440,555,93,329,422,59,566,625,
Thu 29/01/2026,1,"2,026","3,453","2,990","6,443",2709,1394,"4,103",486,470,956,81,357,438,112,315,427,65,454,519,
Fri 30/01/2026,1,"2,026","3,524","3,431","6,955",2651,1611,"4,262",601,502,"1,103",119,361,480,109,383,492,44,574,618,
Sat 31/01/2026,1,"2,026","7,192","3,235","10,427",3491,1634,"5,125",3397,439,"3,836",139,393,532,123,280,403,42,489,531,
Sun 01/02/2026,2,"2,026","4,715","4,058","8,773",3034,1937,"4,971",1370,575,"1,945",142,575,717,115,334,449,54,637,691,
Mon 02/02/2026,2,"2,026","4,756","3,650","8,406",3228,1734,"4,962",1206,596,"1,802",159,489,648,120,427,547,43,404,447,
Tue 03/02/2026,2,"2,026","4,063","3,402","7,465",2982,1678,"4,660",816,466,"1,282",122,388,510,92,370,462,51,500,551,
Wed 04/02/2026,2,"2,026","3,757","3,495","7,252",2703,1728,"4,431",794,420,"1,214",96,363,459,104,462,566,60,522,582,
Thu 05/02/2026,2,"2,026","4,072","3,764","7,836",2911,1631,"4,542",894,557,"1,451",90,414,504,111,451,562,66,711,777,
Fri 06/02/2026,2,"2,026","4,091","3,443","7,534",2979,1542,"4,521",804,527,"1,331",108,400,508,104,393,497,96,581,677,
Sat 07/02/2026,2,"2,026","4,193","3,310","7,503",3280,1653,"4,933",625,470,"1,095",111,349,460,119,369,488,58,469,527,
Sun 08/02/2026,2,"2,026","3,997","3,852","7,849",3082,1960,"5,042",651,626,"1,277",104,397,501,125,432,557,35,437,472,
Mon 09/02/2026,2,"2,026","3,886","3,851","7,737",3071,1784,"4,855",556,574,"1,130",94,459,553,115,490,605,50,544,594,
Tue 10/02/2026,2,"2,026","3,627","3,395","7,022",2890,1588,"4,478",559,499,"1,058",74,428,502,87,503,590,17,377,394,
Wed 11/02/2026,2,"2,026","3,763","2,529","6,292",2897,1423,"4,320",683,396,"1,079",65,211,276,80,264,344,38,235,273,
Thu 12/02/2026,2,"2,026","3,769","1,586","5,355",3033,1366,"4,399",541,157,698,78,34,112,82,26,108,35,3,38,
Fri 13/02/2026,2,"2,026","3,932","1,754","5,686",3220,1532,"4,752",498,141,639,80,32,112,102,42,144,32,7,39,
Sat 14/02/2026,2,"2,026","3,758","2,178","5,936",3048,1805,"4,853",497,224,721,86,60,146,96,43,139,31,46,77,
Sun 15/02/2026,2,"2,026","4,192","4,686","8,878",3052,2824,"5,876",657,881,"1,538",189,284,473,222,353,575,72,344,416,
Mon 16/02/2026,2,"2,026","3,547","4,107","7,654",2665,2093,"4,758",506,675,"1,181",131,297,428,156,340,496,89,702,791,
Tue 17/02/2026,2,"2,026","3,473","4,061","7,534",2714,2134,"4,848",482,818,"1,300",113,258,371,119,293,412,45,558,603,
Wed 18/02/2026,2,"2,026","3,442","3,814","7,256",2847,2000,"4,847",393,906,"1,299",72,237,309,92,212,304,38,459,497,
Thu 19/02/2026,2,"2,026","3,690","4,088","7,778",2919,1714,"4,633",544,1238,"1,782",94,396,490,97,271,368,36,469,505,
Fri 20/02/2026,2,"2,026","3,572","3,411","6,983",2662,1576,"4,238",621,811,"1,432",105,346,451,118,159,277,66,519,585,
Sat 21/02/2026,2,"2,026","3,748","3,632","7,380",2794,1632,"4,426",644,1013,"1,657",113,309,422,146,207,353,51,471,522,
Sun 22/02/2026,2,"2,026","4,202","3,834","8,036",3191,1810,"5,001",705,1009,"1,714",109,348,457,156,216,372,41,451,492,
Mon 23/02/2026,2,"2,026","3,831","3,632","7,463",2847,1511,"4,358",567,984,"1,551",180,357,537,184,219,403,53,561,614,
Tue 24/02/2026,2,"2,026","3,734","3,492","7,226",2847,1675,"4,522",542,1024,"1,566",144,349,493,155,207,362,46,237,283,
Wed 25/02/2026,2,"2,026","3,340","2,924","6,264",2603,1652,"4,255",476,747,"1,223",96,296,392,136,226,362,29,3,32,
Thu 26/02/2026,2,"2,026","4,088","2,689","6,777",3221,1694,"4,915",552,618,"1,170",126,226,352,152,147,299,37,4,41,
Fri 27/02/2026,2,"2,026","4,690","2,457","7,147",3744,1598,"5,342",568,569,"1,137",211,151,362,137,134,271,30,5,35,
Sat 28/02/2026,2,"2,026","3,723","2,255","5,978",2577,1301,"3,878",737,638,"1,375",189,155,344,184,161,345,36,,36,
Sun 01/03/2026,3,"2,026","2,554","2,879","5,433",1651,1716,"3,367",632,701,"1,333",101,300,401,139,161,300,31,1,32,
Mon 02/03/2026,3,"2,026","2,356","2,971","5,327",1678,1779,"3,457",456,769,"1,225",94,234,328,102,186,288,26,3,29,
Tue 03/03/2026,3,"2,026","2,485","3,068","5,553",1877,1900,"3,777",401,605,"1,006",81,319,400,96,242,338,30,2,32,
Wed 04/03/2026,3,"2,026","2,547","2,682","5,229",1954,1710,"3,664",359,443,802,70,302,372,134,222,356,30,5,35,
Thu 05/03/2026,3,"2,026","3,284","2,432","5,716",2238,1427,"3,665",786,559,"1,345",92,222,314,140,219,359,28,5,33,
Fri 06/03/2026,3,"2,026","2,514","2,361","4,875",1960,1532,"3,492",361,482,843,80,210,290,79,135,214,34,2,36,
Sat 07/03/2026,3,"2,026","2,634","2,533","5,167",2039,1513,"3,552",366,495,861,78,271,349,111,250,361,40,4,44,
Sun 08/03/2026,3,"2,026","2,446","2,699","5,145",1863,1716,"3,579",346,571,917,99,253,352,101,156,257,37,3,40,
Mon 09/03/2026,3,"2,026","2,803","2,620","5,423",2108,1685,"3,793",411,531,942,115,271,386,130,131,261,39,2,41,?? ???????? ? ???????????? 
Tue 10/03/2026,3,"2,026","3,265","2,839","6,104",2286,1540,"3,826",678,788,"1,466",122,315,437,149,193,342,30,3,33,
Wed 11/03/2026,3,"2,026","3,037","2,934","5,971",2188,1562,"3,750",514,703,"1,217",117,369,486,154,297,451,64,3,67,
Thu 12/03/2026,3,"2,026","2,831","2,746","5,577",2191,1409,"3,600",384,573,957,116,413,529,117,345,462,23,6,29,
Fri 13/03/2026,3,"2,026","3,534","2,627","6,161",2999,1593,"4,592",287,492,779,77,262,339,147,277,424,24,3,27,
Sat 14/03/2026,3,"2,026","3,422","3,002","6,424",2926,2328,"5,254",301,362,663,48,40,88,121,262,383,26,10,36,
Sun 15/03/2026,3,"2,026","2,921","2,867","5,788",2417,2138,"4,555",240,423,663,65,42,107,154,259,413,45,5,50,
Mon 16/03/2026,3,"2,026","2,737","2,479","5,216",2257,1980,"4,237",227,321,548,112,35,147,115,135,250,26,8,34,
Tue 17/03/2026,3,"2,026","2,507","2,105","4,612",2067,1954,"4,021",227,91,318,92,37,129,80,18,98,41,5,46,
Wed 18/03/2026,3,"2,026","2,251","1,904","4,155",1876,1771,"3,647",192,74,266,89,30,119,67,24,91,27,5,32,
Thu 19/03/2026,3,"2,026","1,777","1,667","3,444",1534,1609,"3,143",124,34,158,38,12,50,51,12,63,30,,30,
Fri 20/03/2026,3,"2,026","1,934","1,933","3,867",1584,1826,"3,410",189,52,241,61,14,75,73,38,111,27,3,30,
Sat 21/03/2026,3,"2,026","2,234","1,650","3,884",1728,1516,"3,244",188,82,270,180,19,199,110,32,142,28,1,29,
Sun 22/03/2026,3,"2,026","2,290","2,000","4,290",1665,1813,"3,478",293,116,409,162,31,193,138,34,172,32,6,38,
Mon 23/03/2026,3,"2,026","2,220","1,790","4,010",1670,1575,"3,245",295,150,445,94,28,122,121,31,152,40,6,46,
Tue 24/03/2026,3,"2,026","2,758","2,256","5,014",1897,1943,"3,840",605,252,857,79,28,107,147,27,174,30,6,36,
Wed 25/03/2026,3,"2,026","2,361","1,958","4,319",1861,1753,"3,614",332,159,491,66,30,96,70,14,84,32,2,34,
Thu 26/03/2026,3,"2,026","2,449","2,131","4,580",1978,1933,"3,911",269,148,417,85,25,110,81,19,100,36,6,42,
Fri 27/03/2026,3,"2,026","2,201","1,848","4,049",1720,1639,"3,359",250,130,380,97,28,125,102,46,148,32,5,37,
Sat 28/03/2026,3,"2,026","2,274","1,737","4,011",1820,1548,"3,368",240,144,384,76,23,99,104,19,123,34,3,37,
Sun 29/03/2026,3,"2,026","2,345","1,665","4,010",1883,1463,"3,346",246,154,400,85,25,110,88,22,110,43,1,44,
Mon 30/03/2026,3,"2,026","2,344","1,633","3,977",1836,1431,"3,267",361,151,512,50,29,79,61,20,81,36,2,38,
Tue 31/03/2026,3,"2,026","2,408","1,654","4,062",1860,1455,"3,315",355,157,512,58,17,75,104,20,124,31,5,36,
Wed 01/04/2026,4,"2,026","2,944","1,792","4,736",1888,1552,"3,440",795,169,964,100,34,134,136,35,171,25,2,27,
Thu 02/04/2026,4,"2,026","4,224","5,227","9,451",3148,4069,"7,217",638,622,"1,260",155,258,413,253,277,530,30,1,31,
Fri 03/04/2026,4,"2,026","3,674","5,547","9,221",2763,4142,"6,905",576,792,"1,368",137,310,447,167,291,458,31,12,43,
Sat 04/04/2026,4,"2,026","3,029","4,697","7,726",2298,3408,"5,706",437,738,"1,175",109,297,406,172,251,423,13,3,16,
Sun 05/04/2026,4,"2,026","4,951","4,624","9,575",2622,3285,"5,907",1937,612,"2,549",190,461,651,163,249,412,39,17,56,
Mon 06/04/2026,4,"2,026","3,285","4,042","7,327",2473,2993,"5,466",564,485,"1,049",118,393,511,97,166,263,33,5,38,
Tue 07/04/2026,4,"2,026","3,136","3,900","7,036",2355,2482,"4,837",485,572,"1,057",154,673,827,114,171,285,28,2,30,
Wed 08/04/2026,4,"2,026","2,666","3,829","6,495",2090,2448,"4,538",338,742,"1,080",92,460,552,121,177,298,25,2,27,
Thu 09/04/2026,4,"2,026","2,783","3,156","5,939",2258,1977,"4,235",312,590,902,91,426,517,97,156,253,25,7,32,
Fri 10/04/2026,4,"2,026","2,604","3,356","5,960",1975,1791,"3,766",374,860,"1,234",130,540,670,107,159,266,18,6,24,
Sat 11/04/2026,4,"2,026","2,541","3,314","5,855",1926,1956,"3,882",352,665,"1,017",146,499,645,94,192,286,23,2,25,
Sun 12/04/2026,4,"2,026","3,059","3,312","6,371",2498,2170,"4,668",318,571,889,119,439,558,99,131,230,25,1,26,
Mon 13/04/2026,4,"2,026","2,505","2,994","5,499",1920,1942,"3,862",333,518,851,131,358,489,94,174,268,27,2,29,
Tue 14/04/2026,4,"2,026","2,223","3,087","5,310",1763,2100,"3,863",239,458,697,108,338,446,96,189,285,17,2,19,
Wed 15/04/2026,4,"2,026","2,255","2,617","4,872",1625,1818,"3,443",195,387,582,59,232,291,361,177,538,15,3,18,
Thu 16/04/2026,4,"2,026","3,026","2,459","5,485",1799,1745,"3,544",504,365,869,72,175,247,633,172,805,18,2,20,
Fri 17/04/2026,4,"2,026","2,847","2,325","5,172",1950,1692,"3,642",468,270,738,74,154,228,335,205,540,20,4,24,
Sat 18/04/2026,4,"2,026","2,676","2,000","4,676",2062,1786,"3,848",371,146,517,69,33,102,141,27,168,33,8,41,
Sun 19/04/2026,4,"2,026","2,893","2,229","5,122",2383,2038,"4,421",280,133,413,57,26,83,159,29,188,14,3,17,
Mon 20/04/2026,4,"2,026","2,084","2,103","4,187",1704,1913,"3,617",172,118,290,84,36,120,99,35,134,25,1,26,
Tue 21/04/2026,4,"2,026","2,198","1,921","4,119",1696,1712,"3,408",207,135,342,69,36,105,205,35,240,21,3,24,
Wed 22/04/2026,4,"2,026","2,395","1,875","4,270",1868,1711,"3,579",251,98,349,75,26,101,174,33,207,27,7,34,
Thu 23/04/2026,4,"2,026","2,899","1,893","4,792",2402,1661,"4,063",241,144,385,81,36,117,153,43,196,22,9,31,
Fri 24/04/2026,4,"2,026","3,373","2,647","6,020",2229,1936,"4,165",643,494,"1,137",203,91,294,240,118,358,58,8,66,
Sat 25/04/2026,4,"2,026","6,519","3,257","9,776",4820,2233,"7,053",1095,689,"1,784",269,163,432,275,151,426,60,21,81,
Sun 26/04/2026,4,"2,026","4,581","2,728","7,309",3856,2223,"6,079",418,395,813,135,58,193,134,49,183,38,3,41,
Mon 27/04/2026,4,"2,026","3,342","2,044","5,386",2680,1663,"4,343",358,273,631,110,52,162,128,51,179,66,5,71,
Tue 28/04/2026,4,"2,026","2,663","1,859","4,522",1938,1520,"3,458",313,255,568,206,33,239,120,42,162,86,9,95,
Wed 29/04/2026,4,"2,026","2,552","1,900","4,452",1861,1601,"3,462",306,189,495,178,50,228,107,57,164,100,3,103,
Thu 30/04/2026,4,"2,026","2,794","2,036","4,830",2109,1720,"3,829",342,213,555,160,52,212,127,40,167,56,11,67,
Fri 01/05/2026,5,"2,026","3,225","2,957","6,182",2526,2465,"4,991",385,330,715,144,79,223,132,72,204,38,11,49,
Sat 02/05/2026,5,"2,026","3,023","2,796","5,819",2317,2366,"4,683",384,317,701,156,43,199,103,62,165,63,8,71,
Sun 03/05/2026,5,"2,026","3,306","2,770","6,076",2684,2421,"5,105",346,246,592,131,47,178,97,49,146,48,7,55,
Mon 04/05/2026,5,"2,026","2,935","2,595","5,530",2273,2148,"4,421",375,309,684,138,59,197,119,75,194,30,4,34,
Tue 05/05/2026,5,"2,026","2,681","2,533","5,214",2220,2182,"4,402",246,251,497,89,41,130,104,56,160,22,3,25,
Wed 06/05/2026,5,"2,026","2,474","2,596","5,070",1928,2240,"4,168",315,256,571,105,43,148,98,50,148,28,7,35,
Thu 07/05/2026,5,"2,026","3,353","2,346","5,699",2760,2007,"4,767",371,235,606,94,50,144,92,49,141,36,5,41,
Fri 08/05/2026,5,"2,026","3,361","2,433","5,794",2839,2044,"4,883",297,287,584,74,42,116,123,59,182,28,1,29,
Sat 09/05/2026,5,"2,026","2,591","2,239","4,830",2160,1868,"4,028",265,262,527,56,43,99,86,62,148,24,4,28,
Sun 10/05/2026,5,"2,026","2,442","2,538","4,980",1996,2175,"4,171",271,286,557,68,31,99,78,40,118,29,6,35,
Mon 11/05/2026,5,"2,026","2,184","2,193","4,377",1758,1931,"3,689",227,188,415,91,31,122,85,36,121,23,7,30,
Tue 12/05/2026,5,"2,026","2,322","2,050","4,372",1864,1788,"3,652",247,182,429,83,43,126,100,26,126,28,11,39,
Wed 13/05/2026,5,"2,026","2,566","2,184","4,750",2096,1909,"4,005",254,194,448,95,44,139,92,35,127,29,2,31,
Thu 14/05/2026,5,"2,026","2,830","2,185","5,015",2294,1852,"4,146",300,224,524,68,47,115,136,55,191,32,7,39,
Fri 15/05/2026,5,"2,026","2,468","2,089","4,557",1986,1763,"3,749",264,221,485,100,47,147,95,53,148,23,5,28,
Sat 16/05/2026,5,"2,026","2,429","2,154","4,583",2000,1873,"3,873",244,198,442,74,47,121,84,31,115,27,5,32,
Sun 17/05/2026,5,"2,026","2,345","2,430","4,775",1889,2089,"3,978",228,250,478,102,48,150,100,35,135,26,8,34,
Mon 18/05/2026,5,"2,026","2,025","1,957","3,982",1608,1667,"3,275",233,198,431,85,55,140,71,32,103,28,5,33,
Tue 19/05/2026,5,"2,026","2,193","1,821","4,014",1748,1542,"3,290",248,201,449,99,39,138,68,36,104,30,3,33,
Wed 20/05/2026,5,"2,026","3,195","2,168","5,363",1742,1891,"3,633",1250,190,"1,440",83,41,124,93,45,138,27,1,28,
Thu 21/05/2026,5,"2,026","4,655","2,384","7,039",1616,2064,"3,680",2780,201,"2,981",105,58,163,116,58,174,38,3,41,
Fri 22/05/2026,5,"2,026","1,923","2,863","4,786",1513,2596,"4,109",288,172,460,50,49,99,61,40,101,11,6,17,
Sat 23/05/2026,5,"2,026","1,952","2,723","4,675",1537,2421,"3,958",232,196,428,83,54,137,71,49,120,29,3,32,
Sun 24/05/2026,5,"2,026","1,939","2,996","4,935",1570,2745,"4,315",196,172,368,66,37,103,84,39,123,23,3,26,
Mon 25/05/2026,5,"2,026","1,884","2,772","4,656",1476,2491,"3,967",226,202,428,78,41,119,69,34,103,35,4,39,
Tue 26/05/2026,5,"2,026","2,491","2,396","4,887",2093,2135,"4,228",198,187,385,99,39,138,76,29,105,25,6,31,
Wed 27/05/2026,5,"2,026","1,997","2,138","4,135",1611,1887,"3,498",198,173,371,68,40,108,83,36,119,37,2,39,
Thu 28/05/2026,5,"2,026","2,843","2,422","5,265",2144,1987,"4,131",415,331,746,110,55,165,136,48,184,38,1,39,
Fri 29/05/2026,5,"2,026","2,381","2,680","5,061",1813,2255,"4,068",316,320,636,99,65,164,119,37,156,34,3,37,
Sat 30/05/2026,5,"2,026","2,108","2,323","4,431",1674,2015,"3,689",234,208,442,95,60,155,80,33,113,25,7,32,
Sun 31/05/2026,5,"2,026","2,241","2,624","4,865",1773,2239,"4,012",260,287,547,87,61,148,81,35,116,40,2,42,
Mon 01/06/2026,6,"2,026","2,194","2,300","4,494",1697,1981,"3,678",291,214,505,80,49,129,97,52,149,29,4,33,
Tue 02/06/2026,6,"2,026","2,185","2,116","4,301",1692,1854,"3,546",245,183,428,128,37,165,85,37,122,35,5,40,
Wed 03/06/2026,6,"2,026","2,096","2,305","4,401",1661,2006,"3,667",245,219,464,84,38,122,75,36,111,31,6,37,
Thu 04/06/2026,6,"2,026","2,402","2,260","4,662",1948,1900,"3,848",225,244,469,91,63,154,95,47,142,43,6,49,
Fri 05/06/2026,6,"2,026","2,309","2,689","4,998",1786,2018,"3,804",271,504,775,93,99,192,123,63,186,36,5,41,
Sat 06/06/2026,6,"2,026","2,695","2,833","5,528",2182,2389,"4,571",290,327,617,100,63,163,96,43,139,27,11,38,
Sun 07/06/2026,6,"2,026","2,743","2,696","5,439",2324,2432,"4,756",241,160,401,69,60,129,66,35,101,43,9,52,
Mon 08/06/2026,6,"2,026","2,242","2,337","4,579",1816,2129,"3,945",217,133,350,71,42,113,76,27,103,62,6,68,
Tue 09/06/2026,6,"2,026","2,493","2,296","4,789",1947,2064,"4,011",197,143,340,123,56,179,69,25,94,157,8,165,
Wed 10/06/2026,6,"2,026","2,093","2,344","4,437",1638,2027,"3,665",193,180,373,141,96,237,73,34,107,48,7,55,
Thu 11/06/2026,6,"2,026","2,193","2,390","4,583",1569,1971,"3,540",302,305,607,158,59,217,126,45,171,38,10,48,
Fri 12/06/2026,6,"2,026","2,301","2,278","4,579",1780,1888,"3,668",303,291,594,77,56,133,101,35,136,40,8,48,
Sat 13/06/2026,6,"2,026","2,365","2,317","4,682",1975,1970,"3,945",208,258,466,63,46,109,102,39,141,17,4,21,
Sun 14/06/2026,6,"2,026","2,435","2,784","5,219",1905,2306,"4,211",321,389,710,93,54,147,79,32,111,37,3,40,
Mon 15/06/2026,6,"2,026","2,590","2,521","5,111",1811,2210,"4,021",551,251,802,96,26,122,86,27,113,46,7,53,
Tue 16/06/2026,6,"2,026","4,641","2,255","6,896",1816,1938,"3,754",1317,215,"1,532",390,53,443,645,38,683,473,11,484,
Wed 17/06/2026,6,"2,026","4,160","2,233","6,393",1928,1984,"3,912",1346,172,"1,518",596,35,631,176,37,213,114,5,119,
Thu 18/06/2026,6,"2,026","5,264","8,730","13,994",3393,7062,"10,455",1096,862,"1,958",268,331,599,378,305,683,129,170,299,
Fri 19/06/2026,6,"2,026","4,830","7,445","12,275",2239,5175,"7,414",628,1257,"1,885",813,370,"1,183",626,456,"1,082",524,187,711,
Sat 20/06/2026,6,"2,026","4,552","6,597","11,149",2211,4713,"6,924",576,1054,"1,630",728,284,"1,012",727,342,"1,069",310,204,514,
Sun 21/06/2026,6,"2,026","5,015","6,276","11,291",2079,4218,"6,297",830,1381,"2,211",1160,257,"1,417",677,242,919,269,178,447,
Mon 22/06/2026,6,"2,026","5,509","4,785","10,294",1906,3460,"5,366",655,844,"1,499",1247,168,"1,415",1333,192,"1,525",368,121,489,
Tue 23/06/2026,6,"2,026","4,780","4,341","9,121",1965,3338,"5,303",677,633,"1,310",845,134,979,999,131,"1,130",294,105,399,
Wed 24/06/2026,6,"2,026","4,429","3,998","8,427",2443,3079,"5,522",408,562,970,548,112,660,774,152,926,256,93,349,
Thu 25/06/2026,6,"2,026","3,644","3,978","7,622",2005,3052,"5,057",411,593,"1,004",697,91,788,223,155,378,308,87,395,
Fri 26/06/2026,6,"2,026","6,178","4,000","10,178",4293,2902,"7,195",649,697,"1,346",623,119,742,327,169,496,286,113,399,
Sat 27/06/2026,6,"2,026","4,555","4,088","8,643",2430,3082,"5,512",740,663,"1,403",657,140,797,441,141,582,287,62,349,
Sun 28/06/2026,6,"2,026","3,337","4,130","7,467",1801,3319,"5,120",398,465,863,486,156,642,352,117,469,300,73,373,
Mon 29/06/2026,6,"2,026","3,040","3,444","6,484",1768,2622,"4,390",423,592,"1,015",285,96,381,349,81,430,215,53,268,
Tue 30/06/2026,6,"2,026","3,289","3,422","6,711",1841,2301,"4,142",963,909,"1,872",107,82,189,248,87,335,130,43,173,
Wed 01/07/2026,7,"2,026","2,263","2,921","5,184",1534,2584,"4,118",332,262,594,70,31,101,209,34,243,118,10,128,
Thu 02/07/2026,7,"2,026","2,049","2,656","4,705",1461,2413,"3,874",257,156,413,79,35,114,170,39,209,82,13,95,
Fri 03/07/2026,7,"2,026","2,955","2,846","5,801",1785,2385,"4,170",571,362,933,78,46,124,364,46,410,157,7,164,
Sat 04/07/2026,7,"2,026","2,884","2,631","5,515",1850,2331,"4,181",578,201,779,89,47,136,248,34,282,119,18,137,
Sun 05/07/2026,7,"2,026","2,961","3,175","6,136",2090,2840,"4,930",453,244,697,85,54,139,261,28,289,72,9,81,
Mon 06/07/2026,7,"2,026","2,341","2,759","5,100",1731,2386,"4,117",360,278,638,78,45,123,121,39,160,51,11,62,
Tue 07/07/2026,7,"2,026","2,154","2,645","4,799",1525,2183,"3,708",343,382,725,66,36,102,138,37,175,82,7,89,
Wed 08/07/2026,7,"2,026","1,957","2,688","4,645",1484,2405,"3,889",240,230,470,95,23,118,107,28,135,31,2,33,
Thu 09/07/2026,7,"2,026","1,901","2,974","4,875",1395,2694,"4,089",218,209,427,94,33,127,134,32,166,60,6,66,
Fri 10/07/2026,7,"2,026","2,070","3,029","5,099",1726,2746,"4,472",185,222,407,57,27,84,71,32,103,31,2,33,
Sat 11/07/2026,7,"2,026","2,049","3,686","5,735",1694,3402,"5,096",193,223,416,53,27,80,76,26,102,33,8,41,
Sun 12/07/2026,7,"2,026","1,776","3,865","5,641",1451,3578,"5,029",182,215,397,44,38,82,74,29,103,25,5,30,
Mon 13/07/2026,7,"2,026","1,960","3,149","5,109",1546,2884,"4,430",222,195,417,75,26,101,82,41,123,35,3,38,
Tue 14/07/2026,7,"2,026","1,951","3,057","5,008",1549,2700,"4,249",241,280,521,57,33,90,83,35,118,21,9,30,
Wed 15/07/2026,7,"2,026","1,784","3,188","4,972",1428,2891,"4,319",167,225,392,51,36,87,101,30,131,37,6,43,
Thu 16/07/2026,7,"2,026","2,230","3,290","5,520",1787,2855,"4,642",220,315,535,97,63,160,96,46,142,30,11,41,
Fri 17/07/2026,7,"2,026","1,764","3,283","5,047",1377,2935,"4,312",208,248,456,84,69,153,60,24,84,35,7,42,
Sat 18/07/2026,7,"2,026","1,570","3,043","4,613",1297,2728,"4,025",141,240,381,43,47,90,55,25,80,34,3,37,
Sun 19/07/2026,7,"2,026","1,792","3,097","4,889",1497,2832,"4,329",164,209,373,44,33,77,61,16,77,26,7,33,
Mon 20/07/2026,7,"2,026","1,557","2,760","4,317",1286,2561,"3,847",137,155,292,51,29,80,55,10,65,28,5,33,
Tue 21/07/2026,7,"2,026","1,613","2,877","4,490",1307,2634,"3,941",168,179,347,56,46,102,52,12,64,30,6,36,
Wed 22/07/2026,7,"2,026","1,583","2,979","4,562",1265,2696,"3,961",170,219,389,38,35,73,80,26,106,30,3,33,
Thu 23/07/2026,7,"2,026","1,550","2,781","4,331",1284,2543,"3,827",142,165,307,53,26,79,55,42,97,16,5,21,
Fri 24/07/2026,7,"2,026","1,677","2,764","4,441",1328,2413,"3,741",180,250,430,61,37,98,77,58,135,31,6,37,
Sat 25/07/2026,7,"2,026","1,600","2,535","4,135",1294,2230,"3,524",168,244,412,47,30,77,73,26,99,18,5,23,
Sun 26/07/2026,7,"2,026","1,609","2,809","4,418",1307,2540,"3,847",161,203,364,50,34,84,65,27,92,26,5,31,
Mon 27/07/2026,7,"2,026",0,0,0,0,0,0,,,0,,,0,,,0,,,0,
Tue 28/07/2026,7,"2,026",0,0,0,0,0,0,,,0,,,0,,,0,,,0,
Wed 29/07/2026,7,"2,026",0,0,0,0,0,0,,,0,,,0,,,0,,,0,
Thu 30/07/2026,7,"2,026",0,0,0,0,0,0,,,0,,,0,,,0,,,0,
Fri 31/07/2026,7,"2,026",0,0,0,0,0,0,,,0,,,0,,,0,,,0,
Sat 01/08/2026,8,"2,026",0,0,0,0,0,0,,,0,,,0,,,0,,,0,
Sun 02/08/2026,8,"2,026",0,0,0,0,0,0,,,0,,,0,,,0,,,0,
Mon 03/08/2026,8,"2,026",0,0,0,0,0,0,,,0,,,0,,,0,,,0,
Tue 04/08/2026,8,"2,026",0,0,0,0,0,0,,,0,,,0,,,0,,,0,
Wed 05/08/2026,8,"2,026",0,0,0,0,0,0,,,0,,,0,,,0,,,0,
Thu 06/08/2026,8,"2,026",0,0,0,0,0,0,,,0,,,0,,,0,,,0,
Fri 07/08/2026,8,"2,026",0,0,0,0,0,0,,,0,,,0,,,0,,,0,
Sat 08/08/2026,8,"2,026",0,0,0,0,0,0,,,0,,,0,,,0,,,0,
Sun 09/08/2026,8,"2,026",0,0,0,0,0,0,,,0,,,0,,,0,,,0,
Mon 10/08/2026,8,"2,026",0,0,0,0,0,0,,,0,,,0,,,0,,,0,
Tue 11/08/2026,8,"2,026",0,0,0,0,0,0,,,0,,,0,,,0,,,0,
Wed 12/08/2026,8,"2,026",0,0,0,0,0,0,,,0,,,0,,,0,,,0,
Thu 13/08/2026,8,"2,026",0,0,0,0,0,0,,,0,,,0,,,0,,,0,
Fri 14/08/2026,8,"2,026",0,0,0,0,0,0,,,0,,,0,,,0,,,0,
Sat 15/08/2026,8,"2,026",0,0,0,0,0,0,,,0,,,0,,,0,,,0,
Sun 16/08/2026,8,"2,026",0,0,0,0,0,0,,,0,,,0,,,0,,,0,
Mon 17/08/2026,8,"2,026",0,0,0,0,0,0,,,0,,,0,,,0,,,0,
Tue 18/08/2026,8,"2,026",0,0,0,0,0,0,,,0,,,0,,,0,,,0,
Wed 19/08/2026,8,"2,026",0,0,0,0,0,0,,,0,,,0,,,0,,,0,
Thu 20/08/2026,8,"2,026",0,0,0,0,0,0,,,0,,,0,,,0,,,0,
Fri 21/08/2026,8,"2,026",0,0,0,0,0,0,,,0,,,0,,,0,,,0,
Sat 22/08/2026,8,"2,026",0,0,0,0,0,0,,,0,,,0,,,0,,,0,
Sun 23/08/2026,8,"2,026",0,0,0,0,0,0,,,0,,,0,,,0,,,0,
Mon 24/08/2026,8,"2,026",0,0,0,0,0,0,,,0,,,0,,,0,,,0,
Tue 25/08/2026,8,"2,026",0,0,0,0,0,0,,,0,,,0,,,0,,,0,
Wed 26/08/2026,8,"2,026",0,0,0,0,0,0,,,0,,,0,,,0,,,0,
Thu 27/08/2026,8,"2,026",0,0,0,0,0,0,,,0,,,0,,,0,,,0,
Fri 28/08/2026,8,"2,026",0,0,0,0,0,0,,,0,,,0,,,0,,,0,
Sat 29/08/2026,8,"2,026",0,0,0,0,0,0,,,0,,,0,,,0,,,0,
Sun 30/08/2026,8,"2,026",0,0,0,0,0,0,,,0,,,0,,,0,,,0,
Mon 31/08/2026,8,"2,026",0,0,0,0,0,0,,,0,,,0,,,0,,,0,
Tue 01/09/2026,9,"2,026",0,0,0,0,0,0,,,0,,,0,,,0,,,0,
Wed 02/09/2026,9,"2,026",0,0,0,0,0,0,,,0,,,0,,,0,,,0,
Thu 03/09/2026,9,"2,026",0,0,0,0,0,0,,,0,,,0,,,0,,,0,
Fri 04/09/2026,9,"2,026",0,0,0,0,0,0,,,0,,,0,,,0,,,0,
Sat 05/09/2026,9,"2,026",0,0,0,0,0,0,,,0,,,0,,,0,,,0,
Sun 06/09/2026,9,"2,026",0,0,0,0,0,0,,,0,,,0,,,0,,,0,
Mon 07/09/2026,9,"2,026",0,0,0,0,0,0,,,0,,,0,,,0,,,0,
Tue 08/09/2026,9,"2,026",0,0,0,0,0,0,,,0,,,0,,,0,,,0,
Wed 09/09/2026,9,"2,026",0,0,0,0,0,0,,,0,,,0,,,0,,,0,
Thu 10/09/2026,9,"2,026",0,0,0,0,0,0,,,0,,,0,,,0,,,0,
Fri 11/09/2026,9,"2,026",0,0,0,0,0,0,,,0,,,0,,,0,,,0,
Sat 12/09/2026,9,"2,026",0,0,0,0,0,0,,,0,,,0,,,0,,,0,
Sun 13/09/2026,9,"2,026",0,0,0,0,0,0,,,0,,,0,,,0,,,0,
Mon 14/09/2026,9,"2,026",0,0,0,0,0,0,,,0,,,0,,,0,,,0,
Tue 15/09/2026,9,"2,026",0,0,0,0,0,0,,,0,,,0,,,0,,,0,
Wed 16/09/2026,9,"2,026",0,0,0,0,0,0,,,0,,,0,,,0,,,0,
Thu 17/09/2026,9,"2,026",0,0,0,0,0,0,,,0,,,0,,,0,,,0,
Fri 18/09/2026,9,"2,026",0,0,0,0,0,0,,,0,,,0,,,0,,,0,
Sat 19/09/2026,9,"2,026",0,0,0,0,0,0,,,0,,,0,,,0,,,0,
Sun 20/09/2026,9,"2,026",0,0,0,0,0,0,,,0,,,0,,,0,,,0,
Mon 21/09/2026,9,"2,026",0,0,0,0,0,0,,,0,,,0,,,0,,,0,
Tue 22/09/2026,9,"2,026",0,0,0,0,0,0,,,0,,,0,,,0,,,0,
Wed 23/09/2026,9,"2,026",0,0,0,0,0,0,,,0,,,0,,,0,,,0,
Thu 24/09/2026,9,"2,026",0,0,0,0,0,0,,,0,,,0,,,0,,,0,
Fri 25/09/2026,9,"2,026",0,0,0,0,0,0,,,0,,,0,,,0,,,0,
Sat 26/09/2026,9,"2,026",0,0,0,0,0,0,,,0,,,0,,,0,,,0,
Sun 27/09/2026,9,"2,026",0,0,0,0,0,0,,,0,,,0,,,0,,,0,
Mon 28/09/2026,9,"2,026",0,0,0,0,0,0,,,0,,,0,,,0,,,0,
Tue 29/09/2026,9,"2,026",0,0,0,0,0,0,,,0,,,0,,,0,,,0,
Wed 30/09/2026,9,"2,026",0,0,0,0,0,0,,,0,,,0,,,0,,,0,
Thu 01/10/2026,10,"2,026",0,0,0,0,0,0,,,0,,,0,,,0,,,0,
Fri 02/10/2026,10,"2,026",0,0,0,0,0,0,,,0,,,0,,,0,,,0,
Sat 03/10/2026,10,"2,026",0,0,0,0,0,0,,,0,,,0,,,0,,,0,
Sun 04/10/2026,10,"2,026",0,0,0,0,0,0,,,0,,,0,,,0,,,0,
Mon 05/10/2026,10,"2,026",0,0,0,0,0,0,,,0,,,0,,,0,,,0,
Tue 06/10/2026,10,"2,026",0,0,0,0,0,0,,,0,,,0,,,0,,,0,
Wed 07/10/2026,10,"2,026",0,0,0,0,0,0,,,0,,,0,,,0,,,0,
Thu 08/10/2026,10,"2,026",0,0,0,0,0,0,,,0,,,0,,,0,,,0,
Fri 09/10/2026,10,"2,026",0,0,0,0,0,0,,,0,,,0,,,0,,,0,
Sat 10/10/2026,10,"2,026",0,0,0,0,0,0,,,0,,,0,,,0,,,0,
Sun 11/10/2026,10,"2,026",0,0,0,0,0,0,,,0,,,0,,,0,,,0,
Mon 12/10/2026,10,"2,026",0,0,0,0,0,0,,,0,,,0,,,0,,,0,
Tue 13/10/2026,10,"2,026",0,0,0,0,0,0,,,0,,,0,,,0,,,0,
Wed 14/10/2026,10,"2,026",0,0,0,0,0,0,,,0,,,0,,,0,,,0,
Thu 15/10/2026,10,"2,026",0,0,0,0,0,0,,,0,,,0,,,0,,,0,
Fri 16/10/2026,10,"2,026",0,0,0,0,0,0,,,0,,,0,,,0,,,0,
Sat 17/10/2026,10,"2,026",0,0,0,0,0,0,,,0,,,0,,,0,,,0,
Sun 18/10/2026,10,"2,026",0,0,0,0,0,0,,,0,,,0,,,0,,,0,
Mon 19/10/2026,10,"2,026",0,0,0,0,0,0,,,0,,,0,,,0,,,0,
Tue 20/10/2026,10,"2,026",0,0,0,0,0,0,,,0,,,0,,,0,,,0,
Wed 21/10/2026,10,"2,026",0,0,0,0,0,0,,,0,,,0%,,,0,,,0,
Thu 22/10/2026,10,"2,026",0,0,0,0,0,0,,,0,,,0%,,,0,,,0,
Fri 23/10/2026,10,"2,026",0,0,0,0,0,0,,,0,,,0%,,,0,,,0,
Sat 24/10/2026,10,"2,026",0,0,0,0,0,0,,,0,,,0%,,,0,,,0,
Sun 25/10/2026,10,"2,026",0,0,0,0,0,0,,,0,,,0%,,,0,,,0,
Mon 26/10/2026,10,"2,026",0,0,0,0,0,0,,,0,,,0%,,,0,,,0,
Tue 27/10/2026,10,"2,026",0,0,0,0,0,0,,,0,,,0%,,,0,,,0,
Wed 28/10/2026,10,"2,026",0,0,0,0,0,0,,,0,,,0%,,,0,,,0,
Thu 29/10/2026,10,"2,026",0,0,0,0,0,0,,,0,,,0%,,,0%,,,0,
Fri 30/10/2026,10,"2,026",0,0,0,0,0,0,,,0,,,0%,,,0%,,,0,
Sat 31/10/2026,10,"2,026",0,0,0,0,0,0,,,0,,,0%,,,0%,,,0,
Sun 01/11/2026,11,"2,026",0,0,0,0,0,0,,,0,,,0%,,,0%,,,0,
Mon 02/11/2026,11,"2,026",0,0,0,0,0,0,,,0,,,0%,,,0%,,,0,
Tue 03/11/2026,11,"2,026",0,0,0,0,0,0,,,0,,,0%,,,0%,,,0,
Wed 04/11/2026,11,"2,026",0,0,0,0,0,0,,,0,,,0%,,,0%,,,0,
Thu 05/11/2026,11,"2,026",0,0,0,0,0,0,,,0,,,0%,,,0%,,,0,
Fri 06/11/2026,11,"2,026",0,0,0,0,0,0,,,0,,,0%,,,0%,,,0,
Sat 07/11/2026,11,"2,026",0,0,0,0,0,0,,,0,,,0%,,,0%,,,0,
Sun 08/11/2026,11,"2,026",0,0,0,0,0,0,,,0,,,0%,,,0%,,,0,
Mon 09/11/2026,11,"2,026",0,0,0,0,0,0,,,0,,,0%,,,0%,,,0,
Tue 10/11/2026,11,"2,026",0,0,0,0,0,0,,,0,,,0%,,,0%,,,0,
Wed 11/11/2026,11,"2,026",0,0,0,0,0,0,,,0,,,0%,,,0%,,,0,
Thu 12/11/2026,11,"2,026",0,0,0,0,0,0,,,0,,,0%,,,0%,,,0,
Fri 13/11/2026,11,"2,026",0,0,0,0,0,0,,,0,,,0%,,,0%,,,0,
Sat 14/11/2026,11,"2,026",0,0,0,0,0,0,,,0,,,0%,,,0%,,,0,
Sun 15/11/2026,11,"2,026",0,0,0,0,0,0,,,0,,,0%,,,0%,,,0,
Mon 16/11/2026,11,"2,026",0,0,0,0,0,0,,,0,,,0%,,,0%,,,0,
Tue 17/11/2026,11,"2,026",0,0,0,0,0,0,,,0,,,0%,,,0%,,,0,
Wed 18/11/2026,11,"2,026",0,0,0,0,0,0,,,0,,,0%,,,0%,,,0,
Thu 19/11/2026,11,"2,026",0,0,0,0,0,0,,,0,,,0%,,,0%,,,0,
Fri 20/11/2026,11,"2,026",0,0,0,0,0,0,,,0,,,0%,,,0%,,,0,
Sat 21/11/2026,11,"2,026",0,0,0,0,0,0,,,0,,,0%,,,0%,,,0,
Sun 22/11/2026,11,"2,026",0,0,0,0,0,0,,,0,,,0%,,,0%,,,0,
Mon 23/11/2026,11,"2,026",0,0,0,0,0,0,,,0,,,0%,,,0%,,,0,
Tue 24/11/2026,11,"2,026",0,0,0,0,0,0,,,0,,,0%,,,0%,,,0,
Wed 25/11/2026,11,"2,026",0,0,0,0,0,0,,,0,,,0%,,,0%,,,0,
Thu 26/11/2026,11,"2,026",0,0,0,0,0,0,,,0,,,0%,,,0%,,,0,
Fri 27/11/2026,11,"2,026",0,0,0,0,0,0,,,0,,,0%,,,0%,,,0,
Sat 28/11/2026,11,"2,026",0,0,0,0,0,0,,,0,,,0%,,,0%,,,0,
Sun 29/11/2026,11,"2,026",0,0,0,0,0,0,,,0,,,0%,,,0%,,,0,
Mon 30/11/2026,11,"2,026",0,0,0,0,0,0,,,0,,,0%,,,0%,,,0,
Tue 01/12/2026,12,"2,026",0,0,0,0,0,0,,,0,,,0%,,,0%,,,0,
Wed 02/12/2026,12,"2,026",0,0,0,0,0,0,,,0,,,0%,,,0%,,,0,
Thu 03/12/2026,12,"2,026",0,0,0,0,0,0,,,0,,,0%,,,0%,,,0%,
Fri 04/12/2026,12,"2,026",0,0,0,0,0,0,,,0,,,0%,,,0%,,,0%,
Sat 05/12/2026,12,"2,026",0,0,0,0,0,0,,,0,,,0%,,,0%,,,0%,
Sun 06/12/2026,12,"2,026",0,0,0,0,0,0,,,0,,,0%,,,0%,,,0%,
Mon 07/12/2026,12,"2,026",0,0,0,0,0,0,,,0,,,0%,,,0%,,,0%,
Tue 08/12/2026,12,"2,026",0,0,0,0,0,0,,,0,,,0%,,,0%,,,0%,
Wed 09/12/2026,12,"2,026",0,0,0,0,0,0,,,0,,,0%,,,0%,,,0%,
Thu 10/12/2026,12,"2,026",0,0,0,0,0,0,,,0,,,0%,,,0%,,,0%,
Fri 11/12/2026,12,"2,026",0,0,0,0,0,0,,,0,,,0%,,,0%,,,0%,
Sat 12/12/2026,12,"2,026",0,0,0,0,0,0,,,0,,,0%,,,0%,,,0%,
Sun 13/12/2026,12,"2,026",0,0,0,0,0,0,,,0,,,0%,,,0%,,,0%,
Mon 14/12/2026,12,"2,026",0,0,0,0,0,0,,,0,,,0%,,,0%,,,0%,
Tue 15/12/2026,12,"2,026",0,0,0,0,0,0,,,0,,,0%,,,0%,,,0%,
Wed 16/12/2026,12,"2,026",0,0,0,0,0,0,,,0,,,0%,,,0%,,,0%,
Thu 17/12/2026,12,"2,026",0,0,0,0,0,0,,,0,,,0%,,,0%,,,0%,
Fri 18/12/2026,12,"2,026",0,0,0,0,0,0,,,0,,,0%,,,0%,,,0%,
Sat 19/12/2026,12,"2,026",0,0,0,0,0,0,,,0,,,0%,,,0%,,,0%,
Sun 20/12/2026,12,"2,026",0,0,0,0,0,0,,,0,,,0%,,,0%,,,0%,
Mon 21/12/2026,12,"2,026",0,0,0,0,0,0,,,0,,,0%,,,0%,,,0%,
Tue 22/12/2026,12,"2,026",0,0,0,0,0,0,,,0,,,0%,,,0%,,,0%,
Wed 23/12/2026,12,"2,026",0,0,0,0,0,0,,,0,,,0%,,,0%,,,0%,
Thu 24/12/2026,12,"2,026",0,0,0,0,0,0,,,0,,,0%,,,0%,,,0%,
Fri 25/12/2026,12,"2,026",0,0,0,0,0,0,,,0,,,0%,,,0%,,,0%,
Sat 26/12/2026,12,"2,026",0,0,0,0,0,0,,,0,,,0%,,,0%,,,0%,
Sun 27/12/2026,12,"2,026",0,0,0,0,0,0,,,0,,,0%,,,0%,,,0%,
????,,,,,,,,,,,,,,,,,,,,,
